{
  "hash": "e926725b",
  "configHash": "f311b94e",
  "lockfileHash": "6b8e9c8d",
  "browserHash": "20337365",
  "optimized": {
    "@angular/common": {
      "src": "../../../../../node_modules/@angular/common/fesm2022/common.mjs",
      "file": "@angular_common.js",
      "fileHash": "36bc9f18",
      "needsInterop": false
    },
    "@angular/core": {
      "src": "../../../../../node_modules/@angular/core/fesm2022/core.mjs",
      "file": "@angular_core.js",
      "fileHash": "b49c8cde",
      "needsInterop": false
    },
    "@angular/platform-browser": {
      "src": "../../../../../node_modules/@angular/platform-browser/fesm2022/platform-browser.mjs",
      "file": "@angular_platform-browser.js",
      "fileHash": "df702d07",
      "needsInterop": false
    },
    "@angular/router": {
      "src": "../../../../../node_modules/@angular/router/fesm2022/router.mjs",
      "file": "@angular_router.js",
      "fileHash": "69c9e1a2",
      "needsInterop": false
    }
  },
  "chunks": {
    "chunk-MMSKDH7A": {
      "file": "chunk-MMSKDH7A.js"
    },
    "chunk-VUKEB2EN": {
      "file": "chunk-VUKEB2EN.js"
    },
    "chunk-BNOYPYPL": {
      "file": "chunk-BNOYPYPL.js"
    }
  }
}